,,area,decoration_level,distance_to_metro,house_price,num_floor,rooms,unit_price
0,,56.37, ,793,260,6,3,46124
1,,71, ,545,650,16,4,91549
2,,89.99,中装,659,598,23,3,66452
3,,57.04,中装,370,380,6,3,66620
4,,64.77,简装,616,140,16,3,21615
5,,73.63, ,426,380,18,3,51609
6,,75.03, ,153,465,16,3,61975
7,,139.09,简装,230,1200,25,5,86275
8,,85.37,简装,559,850,18,3,99567
9,,75.95,中装,502,630,18,4,82949
10,,63.43,毛坯,757,370,6,3,58332
11,,62.72,中装,541,440,27,3,70153
12,,67.13,中装,971,339,6,3,50499
13,,138.69,中装,364,920,19,5,66335
14,,49.47, ,524,220,28,2,44471
15,,59.6, ,975,340,18,3,57047
16,,93.85, ,437,600,27,4,63932
17,,59.51,简装,280,363,6,3,60998
18,,84.47, ,420,370,7,4,43803
19,,95.5,中装,1301,320,6,3,33508
20,,61.25,精装,398,470,6,3,76735
21,,85.18,中装,966,260,6,3,30524
22,,90.55,简装,417,690,21,4,76201
23,,90.98,精装,208,560,26,5,61552
24,,82.85,简装,109,570,6,4,68799
25,,84.98,简装,426,430,18,3,50600
26,,58.03,毛坯,1030,380,6,3,65483
27,,127.17,精装, ,478,6,5,37587
28,,39.1,精装,1291,580,16,2,148338
29,,79.55,中装,1395,420,6,4,52797
30,,65.25,简装,565,460,6,3,70498
31,,93,精装,541,585,28,3,62903
32,,78.18,中装,272,238,13,2,30443
33,,53.11,简装,502,423,6,3,79646
34,,79.76,简装,549,375,18,3,47016
35,,48.76,精装,888,360,6,3,73831
36,,58.45,精装,745,399,6,3,68263
37,,80.67,中装,356,470,30,3,58262
38,,75.57,中装,368,566,25,4,74897
39,,46,简装,1148,575,5,3,125000
40,,117.49,精装,259,1300,20,5,110648
41,,58.49,精装,563,450,6,4,76936
42,,122.49,精装,447,950,14,3,77557
43,,64.59,简装,1000,330,15,3,51092
44,,63.36,中装,549,295,24,2,46559
45,,93.12,中装,966,580,16,3,62285
46,,67.04,中装,521,340,6,3,50716
47,,80.84,精装,1255,410,15,3,50717
48,,93.61,简装,736,510,20,4,54481
49,,111.52,精装,652,770,14,4,69046
50,,82,精装,591,943,5,4,115000
51,,59.97,中装,841,420,16,3,70035
52,,59.24,精装,431,355,14,4,59926
53,,71.12,中装,208,420,22,4,59055
54,,61.8,简装,1390,850,6,3,137540
55,,52,简装,719,700,24,2,134615
56,,75.03,精装,222,450,14,2,59976
57,,44.8,精装,1291,610,6,2,136161
58,,65.7,中装,389,345,12,3,52511
59,,67.5,精装,717,360,6,4,53333
60,,69.93,中装,907,450,10,3,64350
61,,178.55,精装,230,960,25,5,53766
62,,132.27,中装,1000,660,15,5,49898
63,,52.94,精装,1093,260,5,3,49112
64,,90.74,简装,550,270,14,4,29755
65,,58.9,精装,434,480,6,3,81494
66,,64.55,中装,1111,438,21,3,67854
67,,91.85,精装,261,700,12,5,76211
68,,40.99,精装,386,280,6,3,68309
69,,89.9,精装,684,836,16,4,92992
70,,103.01,精装,211,615,24,4,59703
71,,61.5,精装,449,565,6,3,91870
72,,36.43,精装,391,270,6,2,74115
73,,57.02,中装,1,310,6,3,54367
74,,64.27,中装,858,345,27,2,53680
75,,97.56,精装,763,410,6,3,42025
76,,104.55,中装,926,700,16,3,66954
77,,55.85,精装,540,388,6,3,69472
78,,76.6,中装,141,574,6,4,74935
79,,80.2,毛坯,368,595,25,4,74190
80,,65.38,简装,833,520,6,3,79535
81,,72.7,中装,1390,900,16,4,123796
82,,60.64,精装,462,630,6,3,103892
83,,71.5,精装,248,520,6,5,72727
84,,155.61,精装, ,1000,9,6,64263
85,,107,中装,509,660,20,4,61682
86,,40.8,精装,304,288,24,2,70588
87,,92.57,中装,689,550,28,3,59414
88,,83.25,精装, ,285,15,3,34234
89,,59.45,精装,1108,420,6,3,70648
90,,62.01,精装,509,430,16,3,69344
91,,92.38,中装,487,745,14,4,80645
92,,168.49,精装,751,1180,28,4,70034
93,,53.2,中装,538,765,6,3,143797
94,,77.53,简装,1097,950,14,3,122533
95,,87.03,中装,759,399,13,3,45846
96,,65,精装,541,425,26,3,65385
97,,89.25,精装,490,566,17,3,63417
98,,70.32,精装,487,499,6,4,70961
99,,64.37,简装, ,250,6,3,38838
100,,46.81,简装,408,310,6,2,66225
101,,64,中装,250,405,5,4,63281
102,,59.8,精装,276,620,12,3,103679
103,,96.51,中装, ,434,6,4,44969
104,,56.8,中装,934,730,5,4,128521
105,,68.41,中装,258,470,18,3,68703
106,,90.96,精装,595,510,24,3,56069
107,,42.3,精装,595,249,24,2,58865
108,,65,简装,1390,850,6,2,130769
109,,108.91,精装,993,345,9,4,31678
110,,127.09,中装,289,970,20,4,76324
111,,77.54,中装,563,620,20,5,79959
112,,52.97,精装,957,380,6,3,71739
113,,62.52,精装,409,380,18,3,60781
114,,136.82,精装, ,850,9,5,62125
115,,64.54,简装,541,405,27,3,62752
116,,49.06,精装,274,460,11,2,93763
117,,90.4,简装,433,750,22,3,82965
118,,97,简装,1424,1280,14,3,131959
119,,59.46,中装,900,388,22,3,65254
120,,50,精装,1390,669,6,2,133800
121,,56.65,中装,1108,380,6,3,67079
122,,45.9,中装,290,600,6,2,130719
123,,62.2,中装,827,595,15,3,95659
124,,60.44,中装,714,440,6,3,72799
125,,99.62,中装,568,850,22,5,85324
126,,122.15,精装,426,680,22,5,55669
127,,59.94,中装,1102,450,24,2,75075
128,,86.74,简装,370,558,18,4,64330
129,,52.04,精装,595,320,5,3,61491
130,,40,简装,644,320,6,2,80000
131,,64.95,精装,502,530,12,3,81601
132,,105.5,简装,1079,1403,18,3,132986
133,,57.12,中装,733,348,24,2,60924
134,,113.25, ,595,680,24,5,60044
135,,66.6,中装,741,399,12,3,59910
136,,63.55, ,633,410,16,3,64516
137,,74.89, ,975,398,12,4,53145
138,,79, ,975,774,9,3,97975
139,,60.76, ,775,440,6,4,72416
140,,57.87, ,420,311,6,3,53741
141,,67.9, ,827,610,15,4,89838
142,,77.1,简装,235,290,6,3,37613
143,,81.78, ,420,440,18,4,53803
144,,103.8,中装,892,600,8,4,57803
145,,183.6, ,701,1300,6,5,70806
146,,60.33, ,206,680,7,3,112713
147,,59.23,简装,381,465,6,3,78508
148,,44.2, ,455,480,16,2,108597
149,,73.87, ,420,300,6,4,40612
150,,56.37,简装,793,300,6,3,53220
151,,75.21, ,777,275,6,3,36564
152,,41.97, ,1006,197,7,2,46938
153,,54.65, ,633,380,6,3,69533
154,,86.3,简装,446,960,6,4,111240
155,,74.75,精装,334,460,27,2,61538
156,,69.2,中装,1193,980,11,3,141618
157,,149,中装,392,1450,9,5,97315
158,,95.75,精装,272,330,14,4,34465
159,,81.77, ,434,315,15,3,38523
160,,93.64, ,1272,408,15,4,43571
161,,121.9, ,880,1180,15,3,96801
162,,70.18,精装,392,730,6,3,104018
163,,147.5, ,289,750,31,5,50847
164,,80.32, ,241,499,6,4,62126
165,,68.51, ,371,450,6,4,65684
166,,50.26,简装, ,170,5,3,33824
167,,120.5, ,631,660,30,5,54772
168,,58.05,精装,741,340,6,3,58570
169,,81.75, , ,449,11,4,54924
170,,57.91, ,268,345,6,3,59575
171,,147.25,简装,482,1200,29,5,81494
172,,156.13,中装,258,1150,22,5,73657
173,,60.7, ,492,430,17,3,70840
174,,82.31, ,461,535,14,4,64998
175,,66.1,精装,428,360,18,3,54463
176,,57.81,精装,954,290,6,2,50164
177,,57.6,中装,679,465,6,3,80729
178,,109.19,简装,750,763,14,3,69878
179,,49.2,简装,688,650,5,3,132114
180,,67.25,精装,1116,595,16,3,88476
181,,128.68,精装,892,772,9,5,59994
182,,125.16,中装,317,680,23,3,54330
183,,97.1,精装,541,585,27,4,60247
184,,85.48,简装,396,450,18,4,52644
185,,87.14,精装,1006,330,6,4,37870
186,,91.65,中装,327,362,32,3,39498
187,,161.27,精装,733,919,24,5,56985
188,,38.36,精装,741,260,6,2,67779
189,,157.3, ,535,1680,14,6,106802
190,,72.1, ,736,430,18,3,59639
191,,67.5, ,679,550,6,4,81481
192,,138.77, ,364,930,13,5,67017
193,,47.53,精装,829,365,21,2,76794
194,,108.68,中装,326,850,11,5,78211
195,,66.75,中装,420,370,6,3,55431
196,,50.83,精装,1034,410,6,3,80661
197,,140.26,精装, ,850,9,5,60602
198,,69.83,中装,515,600,6,4,85923
199,,38.05,简装, ,150,5,2,39422
200,,89.84,精装, ,560,17,4,62333
201,,87.31,简装, ,348,10,4,39858
202,,62.04,简装,1152,435,22,3,70116
203,,76.15,中装,1000,410,22,2,53841
204,,76.76,精装,501,525,6,3,68395
205,,89.21,精装,966,463,6,3,51900
206,,37.75,精装,530,436,22,2,115497
207,,118.52,精装, ,1066,27,4,89943
208,,68.1,简装,371,405,5,4,59471
209,,55.32,简装,774,388,6,3,70137
210,,88.8,毛坯,674,440,27,3,49550
211,,91.61,简装,771,282,6,4,30783
212,,92.5,简装,481,650,28,3,70270
213,,54.11,中装,426,320,6,3,59139
214,,90.42, ,259,990,18,5,109489
215,,64.08, ,840,608,6,4,94881
216,,96.56,豪装, ,630,9,5,65244
217,,39.1,简装,610,500,18,2,127877
218,,50.22, ,868,305,6,3,60733
219,,74.22,中装, ,260,6,3,35031
220,,53.73,中装,697,415,7,3,77238
221,,71.47, ,426,393,18,3,54988
222,,65.3, ,655,718,6,3,109954
223,,43.77,精装,605,399,17,2,91158
224,,52.5, ,666,360,12,3,68571
225,,75.21,简装,1232,278,6,3,36963
226,,70.17, ,693,415,6,4,59142
227,,57.77,中装,454,248,5,2,42929
228,,61.99, ,1053,310,6,3,50008
229,,70.5, ,1035,765,16,3,108511
230,,71.81, ,417,500,18,3,69628
231,,98.53, ,426,429,21,3,43540
232,,93.1, ,891,599,24,3,64339
233,,64, ,245,600,16,3,93750
234,,51.18, ,315,218,30,2,42595
235,,135.68, ,162,590,21,5,43485
236,,49.6,中装,676,545,5,3,109879
237,,173.3,简装,706,1150,28,6,66359
238,,87.3,简装,550,306,6,3,35052
239,,43.6,精装,431,279.9,6,2,64197
240,,77.33,精装, ,410,6,3,53020
241,,103.1,精装,259,930,26,3,90204
242,,76.56,中装,608,650,28,3,84901
243,,112.95,精装,607,850,24,4,75255
244,,82.31,中装,1142,340,4,5,41307
245,,60.62,简装,868,495,18,3,81656
246,,65.62,精装,676,455,27,3,69339
247,,59.17,精装,958,360,6,3,60842
248,,37.69,中装,461,248,6,2,65800
249,,44,精装,679,398,5,3,90455
250,,55.08,中装,793,420,6,3,76253
251,,54.7,精装,1255,745,6,3,136197
252,,37.8,中装,620,600,6,2,158730
253,,75.23,毛坯, ,320,6,3,42536
254,,57.93,中装,387,260,6,3,44882
255,,94.58,简装,612,395,6,4,41764
256,,121.1,精装,1443,480,6,4,39637
257,,83.92,简装,292,375,29,3,44685
258,,58.75,中装,934,500,6,3,85106
259,,51.6,简装,1373,400,6,3,77519
260,,50.75,中装,627,278,6,2,54778
261,,188.4,精装,268,1280,18,6,67941
262,,57.59,简装,902,410,5,4,71193
263,,63.29,简装,1427,480,6,3,75841
264,,72.51,精装,404,365,6,4,50338
265,,56.32,精装,513,617,8,3,109553
266,,72.6,精装,502,470,16,3,64738
267,,48.91,简装,557,350,20,3,71560
268,,21.81,中装,530,293,22,2,134342
269,,77.26,精装,855,320,26,4,41419
270,,42.1,简装,1324,686,17,2,162945
271,,54.86,简装,528,345,6,3,62887
272,,59.2,中装,367,500,9,3,84459
273,,56.8,中装,381,485,6,3,85387
274,,46.54,简装,1027,480,6,2,103137
275,,102.88,中装,1116,920,16,4,89425
276,,101.75,精装,1089,800,20,3,78624
277,,44.49,中装,357,380,12,2,85412
278,,120.22,精装,1117,660,9,5,54899
279,,58.5,精装,420,310,28,2,52991
280,,73.37,精装,901,700,6,3,95407
281,,98.09,精装,599,1180,6,5,120298
282,,91.34,精装, ,565,22,4,61857
283,,137.86,简装,676,1080,17,5,78340
284,,92.56,精装,530,593,25,5,64067
285,,108.39,精装,1456,450,11,4,41517
286,,89.83,简装,637,385,6,4,42859
287,,36.75,毛坯,912,325,6,2,88435
288,,87.34,精装,521,620,22,2,70987
289,,66.92,简装,730,800,5,4,119546
290,,90.41,简装,636,360,22,4,39819
291,,125.82,中装,983,880,21,5,69941
292,,41.94,简装,193,319,6,3,76061
293,,59.7,精装, ,290,6,3,48576
294,,117.53,精装,693,660,29,4,56156
295,,62.16,简装,1034,310,6,4,49871
296,,57.34,精装,509,400,7,3,69759
297,,63.05,精装,745,435,6,3,68993
298,,88.07,简装,934,490,19,3,55638
299,,68.02,中装,408,440,6,3,64687
300,,74.47,中装,338,760,16,3,102055
301,,56.45,精装,335,610,6,4,108060
302,,57.16,精装,170,610,5,4,106718
303,,40.24,中装,370,270,18,2,67097
304,,93.75,中装,426,770,30,3,82133
305,,75.99,简装,502,530,24,3,69746
306,,95.97,中装,736,560,20,4,58352
307,,68.11,精装,704,465,6,3,68272
308,,88.12,精装,418,496,6,3,56287
309,,85.27,精装,1181,700,11,4,82092
310,,39.18,中装,775,340,6,2,86779
311,,97.79,中装, ,549,17,3,56141
312,,41.1,精装,250,480,6,2,116788
313,,97.15,精装,513,1150,8,5,118374
314,,74.76,简装,222,430,18,3,57517
315,,89.8,精装, ,435,6,4,48441
316,,64.52,简装,515,545,5,4,84470
317,,69.6,精装, ,276,6,3,39655
318,,47.63,中装,500,335,6,2,70334
319,,38.4,中装,714,335,6,2,87240
320,,74.2,精装,701,768,5,4,103504
321,,54.29,中装,765,160,6,2,29471
322,,57.34,简装,509,420,6,3,73247
323,,58.85,中装,757,340,6,3,57774
324,,115.4,精装,380,750,26,4,64991
325,,78.48,中装,519,530,18,3,67533
326,,52.33,精装,461,372,14,2,71087
327,,63.46,中装,271,358,12,3,56413
328,,89.55,精装, ,405,6,3,45226
329,,68.58,豪装,927,825,21,3,120297
330,,57.4,简装,237,499,6,3,86934
331,,150.55,简装,424,960,21,4,63766
332,,60.2,中装,1271,570,6,3,94684
333,,75.6,简装,852,768,12,4,101587
334,,70.33,精装,1162,395,7,3,56164
335,,65.03,精装,1044,310,17,2,47670
336,,89.75,中装,457,1420,7,3,158217
337,,62.01,精装,509,445,16,3,71763
338,,71.6,精装, ,620,6,4,86592
339,,60.44,简装,371,370,6,3,61218
340,,58.92,精装,747,320,6,2,54311
341,,69.69,精装,577,840,6,3,120534
342,,58.69,精装,108,369,26,2,62873
343,,113.95,精装,1329,930,25,5,81615
344,,64.62,中装,376,280,22,2,43330
345,,66.28,精装,225,340,19,2,51298
346,,81.63,精装,445,1100,12,3,134754
347,,232.36,精装,404,2900,7,7,124806
348,,152.98,简装, ,460,7,6,30069
349,,135.34,精装,857,1350,9,5,99749
350,,129.54,中装,171,470,10,4,36282
351,,44.8,精装,1291,620,6,2,138393
352,,49.39,精装,1218,458,18,2,92731
353,,142.6,中装,1442,718,12,5,50351
354,,119.53,精装,645,630,5,4,52706
355,,82,中装,679,720,6,4,87805
356,,96.84,精装,725,890,22,3,91904
357,,59.16,中装,1093,300,6,3,50710
358,,51.56,精装,497,470,15,3,91156
359,,45.96,精装,627,261,6,2,56789
360,,105.5,中装,550,650,6,4,61611
361,,70.87,简装,454,300,6,3,42331
362,,146.55,中装,1272,608,10,5,41488
363,,68.25,中装,330,485,4,3,71062
364,,84.39,豪装,351,780,4,4,92428
365,,57.5,精装,632,470,30,2,81739
366,,90.07,精装,576,470,12,3,52182
367,,67.95,简装,1427,550,6,4,80942
368,,101.4,精装,417,560,27,4,55227
369,,61.74,简装,687,440,6,3,71267
370,,54.6,精装,329,435,6,3,79670
371,,90.1,中装,676,535,14,4,59378
372,,127.93,中装,203,900,11,5,70351
373,,42.3,简装,595,260,24,1,61466
374,,175.01,精装,706,1250,26,6,71424
375,,100.07,精装,272,320,13,3,31978
376,,124.16,精装,932,488,6,5,39304
377,,77.41,精装,1475,450,19,2,58132
378,,123.77,精装,378,479,15,5,38701
379,,60,精装,727,750,6,3,125000
380,,155.17,中装,259,1700,18,5,109557
381,,61.08,精装, ,288,6,2,47151
382,,141.32,精装,1103,398,7,5,28163
383,,70.3,中装,730,695,6,4,98862
384,,124.54,毛坯,1272,495,6,5,39746
385,,94.3,精装, ,570,8,4,60445
386,,84.37,中装,425,590,26,3,69930
387,,138.86,毛坯, ,1120,21,4,80657
388,,96.18,精装,164,420,20,4,43668
389,,74.75,中装,727,365,17,3,48829
390,,156.06,精装,258,1350,22,5,86505
391,,58,精装,408,520,6,4,89655
392,,53.1,中装,461,315,6,3,59322
393,,60.8,精装,609,480,5,3,78947
394,,105.95,简装,444,390,6,4,36810
395,,47.76,精装,199,218,5,3,45645
396,,44.6,精装,659,430,6,2,96413
397,,36.33,精装,451,247,16,2,67988
398,,106.6,精装,348,660,24,5,61914
399,,75.53,中装, ,280,15,3,37071
400,,68.65,中装,704,455,6,3,66278
401,,50.38,精装,417,360,6,3,71457
402,,78.44,中装,437,529,25,3,67440
403,,86.62,精装,1064,420,15,3,48488
404,,62.5,简装,810,575,16,3,92000
405,,96.9,简装,302,718,12,3,74097
406,,62.66,简装,208,440,17,3,70220
407,,91.27,简装,500,650,28,3,71217
408,,39.39,精装,702,225,6,2,57121
409,,57.79,精装,664,395,6,3,68351
410,,60.5,中装,454,635,6,3,104959
411,,69.74,精装,502,470,10,3,67393
412,,89.47,中装,200,540,24,3,60355
413,,80.4,中装,595,485,24,3,60323
414,,39.37,中装,714,260,24,2,66040
415,,72.93,中装,1374,545,6,3,74729
416,,165.67,中装,637,550,18,6,33199
417,,75.9,中装,458,685,17,2,90250
418,,42.1,中装,364,298,6,2,70784
419,,136.9,精装,578,1400,9,5,102264
420,,134.55,简装,203,950,20,5,70606
421,,111.87,精装,591,1160,16,4,103692
422,,54.79,中装,600,415,24,2,75744
423,,85.35,精装,1181,638,11,4,74751
424,,102.63,精装,613,1036,6,4,100945
425,,59.99,简装,802,580,5,3,96683
426,,103.49,精装,680,530,32,4,51213
427,,98.68,中装,710,460,6,4,46615
428,,74.24,中装,1172,300,6,3,40409
429,,108.59,精装,643,680,28,5,62621
430,,109,简装,230,750,25,4,68807
431,,66.93,精装,1225,410,9,2,61258
432,,70.86,精装,427,570,29,2,80440
433,,50.1,中装,178,430,16,2,85828
434,,59.03,简装,206,650,6,3,110114
435,,181.15,精装,706,1358,26,5,74965
436,,80.38,精装,760,420,24,3,52252
437,,96.86,精装,630,610,20,4,62977
438,,75.94,精装, ,300,10,3,39505
439,,56.94,中装,864,130,6,3,22831
440,,107.9,中装,296,320,6,4,29657
441,,78.73,简装,875,405,15,4,51442
442,,65.4,精装,1044,310,15,2,47401
443,,100.93,精装,990,450,28,3,44585
444,,68.38,毛坯,417,525,6,4,76777
445,,109.43,精装,655,880,27,3,80417
446,,58.54,精装,396,310,6,3,52955
447,,123.39,精装,929,658,13,5,53327
448,,110.96,精装,1139,920,25,4,82913
449,,107.11,精装,1092,530,6,3,49482
450,,110.13,精装,799,999,20,4,90711
451,,104.69,精装,521,520,12,3,49670
452,,95.67,精装,1079,660,22,3,68987
453,,58.25,中装,854,430,18,2,73820
454,,120.78,中装,1367,505,7,4,41812
455,,196.87,豪装,1394,1600,7,6,81272
456,,65.58,精装,541,600,14,3,91491
457,,46,精装,791,390,16,2,84783
458,,125.13,中装,1059,499,6,4,39879
459,,60.4,精装,497,520,6,3,86093
460,,249.99,精装,268,1620,18,6,64803
461,,60.82,精装,452,289,23,2,47517
462,,141.8,简装, ,650,9,5,45839
463,,40.52,简装,846,265,14,2,65400
464,,86.9,简装,339,750,4,4,86306
465,,100.05,精装,892,570,24,4,56972
466,,133.53,精装,993,408,9,5,30555
467,,58.34,精装, ,228,10,2,39081
468,,49.44,精装,600,330,6,2,66748
469,,107.63,中装,252,625,24,4,58069
470,,56.77,精装,438,380,20,2,66937
471,,62.9,简装,382,330,18,2,52464
472,,90.33, ,934,435,18,3,48157
473,,69.72, , ,280,6,3,40161
474,,80.27,简装,744,485,18,3,60421
475,,89.72, ,1154,620,11,4,69104
476,,75.49, ,676,490,6,4,64909
477,,98.29,精装,434,375,32,3,38152
478,,63.73,中装,581,310,6,2,48643
479,,83.82, , ,380,18,3,45335
480,,66, ,1151,900,18,3,136364
481,,71.93, ,1140,350,7,3,48658
482,,174.57, ,906,1450,27,5,83061
483,,106.1,简装,258,820,7,4,77286
484,,260.75, ,1432,1500,8,6,57526
485,,59.2,精装,371,372,15,3,62838
486,,173.72, ,862,920,11,5,52959
487,,74,毛坯,1151,750,16,3,101351
488,,46.1, ,396,275,6,2,59653
489,,143.86, ,382,498,13,4,34617
490,,72.44,中装,834,650,21,3,89729
491,,95.91, ,630,630,20,4,65687
492,,96.7, ,711,410,28,3,42399
493,,90.89,精装,374,530,12,3,58312
494,,89.41, ,1076,435,10,3,48652
495,,108.79, ,258,900,7,5,82728
496,,43.2, ,360,430,16,3,99537
497,,72.41,简装,471,910,6,3,125673
498,,65.9, ,1151,880,12,3,133536
499,,36.1, ,250,270,6,2,74792
500,,125.16, ,191,580,6,5,46341
501,,66.62,精装,454,290,6,3,43530
502,,49.8,毛坯,1240,410,16,3,82329
503,,146.11, ,632,1200,24,5,82130
504,,87.29, ,1006,420,14,4,48115
505,,48.66, ,1178,255,6,3,52404
506,,57.4, ,1093,528,6,3,91986
507,,166.82,精装,559,1800,17,5,107901
508,,61.97,精装,689,495,6,3,79877
509,,88.58, ,246,465,6,3,52495
510,,103.22, ,348,630,16,4,61035
511,,56.92,精装,1252,530,5,3,93113
512,,74.7, ,810,600,17,4,80321
513,,129.79,精装,162,602,29,5,46383
514,,48.05, ,335,312,24,2,64932
515,,93.59, ,760,675,26,3,72123
516,,144.1,简装,162,640,29,5,44414
517,,63.91,精装,409,395,20,3,61806
518,,72.66,精装,819,380,26,2,52298
519,,107.5, ,1076,560,10,5,52093
520,,66.42, ,1183,339,17,2,51039
521,,41.57, ,825,350,6,2,84195
522,,112.5,精装, ,450,7,3,40000
523,,126.35, ,733,750,24,5,59359
524,,70.7, ,370,350,6,3,49505
525,,126.49, ,1047,505,13,4,39924
526,,179.2, ,410,990,19,6,55246
527,,146.06,精装,273,810,28,5,55457
528,,91.32, ,426,470,18,4,51467
529,,51.26, ,465,385,20,1,75107
530,,40.7,精装,858,260,25,1,63882
531,,42.22, ,548,315,6,2,74609
532,,79.78,简装,522,415,25,3,52018
533,,113.3, ,537,1582,21,4,139629
534,,62.26, ,986,318,28,2,51076
535,,50.61, ,805,499,5,3,98597
536,,146.2, , ,990,4,6,67715
537,,156, ,258,1380,22,5,88462
538,,152, ,1272,645,20,5,42434
539,,54.95,精装,858,360,24,2,65514
540,,196,精装,655,1450,28,5,73980
541,,48.98, ,77,290,22,2,59208
542,,58.82, ,679,260,18,2,44203
543,,85.18, ,927,900,22,4,105659
544,,93.12, ,579,530,26,4,56916
545,,178.55, ,230,1030,25,5,57687
546,,93.25, ,493,480,28,3,51475
547,,42.3, ,380,455,6,2,107565
548,,131.8, ,1261,499,6,5,37860
549,,40.52, ,846,263,14,2,64906
550,,70.4, , ,225,6,3,31960
551,,60.4, ,375,800,6,3,132450
552,,48.98, ,77,280,22,2,57166
553,,73.5,精装,406,1014,6,3,137959
554,,64.46,中装,371,360,6,3,55849
555,,72.91, ,465,500,11,2,68578
556,,57,精装,487,427,6,3,74912
557,,67.67, ,1073,450,11,2,66499
558,,148.9, , ,410,7,4,27535
559,,96.86, , ,345,12,3,35618
560,,53.99, ,714,375,6,3,69457
561,,84.64, ,1102,635,24,3,75024
562,,152.4, ,434,508,17,4,33333
563,,65.88, , ,319,6,2,48421
564,,81.54, ,756,838,16,4,102772
565,,216.52,精装,655,1700,26,6,78515
566,,57.93, ,247,418,7,3,72156
567,,147.78,精装,584,688,6,6,46556
568,,87.04, ,314,270,6,3,31020
569,,51.64, ,258,370,7,2,71650
570,,72.5, ,692,1030,6,3,142069
571,,62.5, ,671,480,12,3,76800
572,,44.09,精装,858,285,28,2,64641
573,,61.99, ,1053,310,6,3,50008
574,,55.71, ,1300,250,16,3,44875
575,,72.4,简装,362,810,6,4,111878
576,,73.6, , ,615,6,3,83560
577,,109.91, ,993,325,8,4,29570
578,,106,精装,346,790,18,4,74528
579,,81.93, ,530,550,25,4,67130
580,,66.18,中装,761,300,3,3,45331
581,,126.18,精装, ,540,6,5,42796
582,,53.79, ,771,200,7,2,37182
583,,57.2, ,538,780,5,3,136364
584,,75.2, ,346,524,18,3,69681
585,,59.9,精装,719,748,6,3,124875
586,,70.73,简装,958,435,6,3,61501
587,,124.52,精装,663,970,23,4,77899
588,,87.64, ,358,1260,16,3,143770
589,,96.94, ,265,305,6,3,31463
590,,124.47, ,1443,488,10,5,39206
591,,124.67, ,986,490,6,5,39304
592,,96.42, ,589,1040,13,4,107861
593,,69.29, ,158,430,22,3,62058
594,,136.82,简装, ,800,9,5,58471
595,,71, ,1151,860,13,3,121127
596,,40.67, ,326,300,15,2,73764
597,,69.48,精装,679,399,6,4,57427
598,,81.62,精装,868,650,6,4,79637
599,,69.08, ,1394,435,20,2,62970
600,,113.74, ,265,760,15,3,66819
601,,110.51, , ,550,6,5,49769
602,,78.8,简装,650,850,4,4,107868
603,,97, ,409,600,16,4,61856
604,,45.44, ,457,300,32,2,66021
605,,57.38,精装,858,320,18,2,55769
606,,72.11,精装,872,324,26,3,44931
607,,91.56,中装, ,320,6,3,34950
608,,104.69, ,666,490,6,4,46805
609,,69.08, ,1394,425,20,2,61523
610,,97.6,中装,392,910,12,3,93238
611,,88.6,中装,1027,841,6,3,94921
612,,123.04, ,370,580,6,5,47139
613,,113,中装, ,510,6,4,45133
614,,63.44, ,108,373,24,2,58796
615,,69.45, ,223,430,22,2,61915
616,,85.2, ,447,852,5,4,100000
617,,140.4, ,1023,950,19,4,67664
618,,70.49, ,435,680,6,4,96468
619,,61.76, ,637,530,12,3,85816
620,,61.82, ,1116,480,4,3,77645
621,,104.87,精装,332,470,6,5,44817
622,,104.9, ,588,860,21,3,81983
623,,63.63, ,1343,288,6,3,45262
624,,66.49,精装,452,280,21,2,42112
625,,68.8, ,525,385,22,2,55959
626,,88.05, ,861,550,14,4,62465
627,,79.35, ,1207,455,20,3,57341
628,,60.6,精装,294,375,6,3,61881
629,,88.03, ,529,500,32,3,56799
630,,140.76, ,854,1090,12,5,77437
631,,45.1, ,1098,330,14,2,73171
632,,69.13, ,1260,350,6,4,50629
633,,98.58,精装,630,540,25,4,54778
634,,138.13, ,1059,490,6,5,35474
635,,106.33,精装,1031,450,12,4,42321
636,,163.88, ,862,780,11,5,47596
637,,123.93, ,880,990,17,5,79884
638,,135.12,中装,691,780,22,5,57726
639,,58.57, ,465,339,6,2,57879
640,,244.26, ,1252,1300,6,7,53222
641,,116.11, ,720,550,6,5,47369
642,,118.35,精装,457,475,6,5,40135
643,,102.71,简装,819,600,14,4,58417
644,,138.03, ,854,1100,12,5,79693
645,,77.53,中装,1097,1120,13,3,144460
646,,144.52,精装,990,700,18,5,48436
647,,115.23, ,835,950,24,4,82444
648,,130.3,精装,482,1300,27,5,99770
649,,65.05, ,775,255,6,2,39201
650,,52.9, ,486,500,5,3,94518
651,,100.92, ,335,750,21,3,74316
652,,55.12,精装,428,650,6,3,117925
653,,62.09, ,404,480,6,3,77307
654,,69.96, ,856,480,13,3,68611
655,,91.78, ,729,440,17,4,47941
656,,88.09,简装,686,415,24,3,47111
657,,150.6, ,274,1400,6,5,92961
658,,271.88,精装,287,1450,2,6,53332
659,,73.92,精装,694,455,9,3,61553
660,,61.62,精装,986,351,27,3,56962
661,,49.32,中装,775,355,10,2,71979
662,,64.26,精装,440,650,18,3,101152
663,,77.31,精装,760,440,14,3,56914
664,,50.51,简装,1027,480,6,2,95031
665,,43.71,精装,808,368,16,2,84191
666,,71.93,精装,842,385,6,4,53524
667,,92.5,中装,736,518,18,3,56000
668,,60.57,精装,892,330,24,2,54482
669,,146.17,简装,1261,565,6,5,38654
670,,68.81,中装,966,355,20,3,51591
671,,80.17,中装,666,650,20,4,81078
672,,95.68,中装,619,610,22,3,63754
673,,59.44,简装,735,330,6,3,55518
674,,71,中装,459,368,6,3,51831
675,,105.26,精装,882,840,14,4,79802
676,,59.6,中装,1291,780,18,3,130872
677,,85.22,精装,1044,470,15,4,55151
678,,108.03,精装, ,421,6,4,38971
679,,74.93,精装, ,275,16,3,36701
680,,123.65,精装,672,760,6,4,61464
681,,125.91,精装,1047,490,13,4,38917
682,,150.17,精装,404,2250,7,4,149830
683,,58.69,精装,479,440,18,3,74970
684,,55.01,中装,548,375,6,3,68169
685,,57.3,精装,620,618,6,3,107853
686,,68.81,简装,1036,680,6,4,98823
687,,97.87,精装,1194,645,25,4,65904
688,,45.9,中装,290,608,6,2,132462
689,,60.7,精装,1036,480,6,3,79077
690,,56.21,精装,833,305,6,3,54261
691,,90.25,精装,1018,710,28,3,78670
692,,72.32,精装,880,392,23,3,54204
693,,51.09,简装,608,215,29,2,42083
694,,93.92,精装,896,550,23,4,58560
695,,82.17,中装,1349,195,6,3,23731
696,,72.99,中装,1257,720,6,4,98644
697,,48.36,中装, ,300,21,2,62035
698,,51.45,精装,471,580,6,2,112731
699,,42.5,精装,860,470,6,2,110588
700,,47.91,精装,457,295,30,2,61574
701,,97.24,精装, ,310,14,3,31880
702,,123.44,中装,588,890,21,3,72100
703,,130.18,简装,457,750,30,4,57613
704,,69.78,中装,509,458,6,4,65635
705,,86.2,中装, ,775,20,3,89907
706,,83.9,中装,1071,780,16,4,92968
707,,94.19,中装,602,340,9,3,36097
708,,68.24,中装,609,532,4,3,77960
709,,88.58,精装,820,350,6,3,39512
710,,91.69,精装,1300,600,27,4,65438
711,,54.61,精装,434,280,19,2,51273
712,,55,精装,477,460,6,3,83636
713,,52.95,简装,501,290,7,2,54769
714,,173.62,精装, ,1300,18,5,74876
715,,85.09,精装,729,443,15,3,52063
716,,45.06,简装, ,247,6,2,54816
717,,122.38,中装,1443,480,9,5,39222
718,,54.04,精装,344,425,6,3,78645
719,,68.85,精装,1397,365,22,2,53014
720,,89.74,精装, ,440,11,4,49031
721,,115.25,中装,1300,700,27,5,60738
722,,73.7,中装,538,1060,8,3,143826
723,,72.94,中装,530,560,5,4,76775
724,,82.81,中装,746,498,18,4,60138
725,,58.4,简装,743,475,6,3,81336
726,,58.35,中装,530,320,6,3,54841
727,,226.42,精装,1047,640,13,6,28266
728,,86.3,精装,1210,580,6,4,67207
729,,60.6,简装,620,780,6,3,128713
730,,41.99,精装,904,462,6,2,110026
731,,88.35,中装,1060,400,14,4,45274
732,,40.45,精装,1097,260,28,2,64277
733,,85.04,简装,587,510,14,3,59972
734,,82.33,中装,420,450,6,4,54658
735,,112.72,精装,327,425,35,5,37704
736,,24.43,简装,607,170,14,2,69587
737,,52.19,精装,70,365,16,3,69937
738,,62.68,毛坯,461,230,4,4,36694
739,,96.65,简装,351,550,25,3,56906
740,,58.3,简装,956,650,7,3,111492
741,,50,简装,832,385,5,3,77000
742,,40.88,精装,702,249,6,2,60910
743,,98.11,精装,401,680,11,4,69310
744,,89.88,精装,912,400,16,4,44504
745,,94.99,精装,655,740,27,3,77903
746,,82.4,精装,869,865,16,3,104976
747,,73.27,中装,504,320,21,3,43674
748,,51.63,精装,296,400,6,3,77474
749,,67.1,中装,662,395,18,4,58867
